--
-- PostgreSQL database dump
--

-- Dumped from database version 16.1
-- Dumped by pg_dump version 16.1

SET statement_timeout = 0;
SET lock_timeout = 0;
SET idle_in_transaction_session_timeout = 0;
SET client_encoding = 'UTF8';
SET standard_conforming_strings = on;
SELECT pg_catalog.set_config('search_path', '', false);
SET check_function_bodies = false;
SET xmloption = content;
SET client_min_messages = warning;
SET row_security = off;

SET default_tablespace = '';

SET default_table_access_method = heap;

--
-- Name: booking_booking; Type: TABLE; Schema: public; Owner: postgres
--

CREATE TABLE public.booking_booking (
    id bigint NOT NULL,
    booking_id character varying(20) NOT NULL,
    customer_name character varying(100) NOT NULL,
    customer_email character varying(254) NOT NULL,
    booking_time timestamp with time zone NOT NULL,
    status character varying(20) NOT NULL,
    payment_id character varying(100),
    amount numeric(10,2) NOT NULL,
    show_id bigint NOT NULL,
    user_id bigint,
    qr_code character varying(100),
    cancelled_at date,
    refund_amount numeric(10,2),
    refunt_status character varying(20) NOT NULL
);


ALTER TABLE public.booking_booking OWNER TO postgres;

--
-- Name: booking_booking_id_seq; Type: SEQUENCE; Schema: public; Owner: postgres
--

ALTER TABLE public.booking_booking ALTER COLUMN id ADD GENERATED BY DEFAULT AS IDENTITY (
    SEQUENCE NAME public.booking_booking_id_seq
    START WITH 1
    INCREMENT BY 1
    NO MINVALUE
    NO MAXVALUE
    CACHE 1
);


--
-- Name: booking_bookingseat; Type: TABLE; Schema: public; Owner: postgres
--

CREATE TABLE public.booking_bookingseat (
    id bigint NOT NULL,
    price numeric(8,2) NOT NULL,
    booking_id bigint NOT NULL,
    seat_id bigint NOT NULL,
    status character varying(20) NOT NULL
);


ALTER TABLE public.booking_bookingseat OWNER TO postgres;

--
-- Name: booking_bookingseat_id_seq; Type: SEQUENCE; Schema: public; Owner: postgres
--

ALTER TABLE public.booking_bookingseat ALTER COLUMN id ADD GENERATED BY DEFAULT AS IDENTITY (
    SEQUENCE NAME public.booking_bookingseat_id_seq
    START WITH 1
    INCREMENT BY 1
    NO MINVALUE
    NO MAXVALUE
    CACHE 1
);


--
-- Name: booking_payment; Type: TABLE; Schema: public; Owner: postgres
--

CREATE TABLE public.booking_payment (
    id bigint NOT NULL,
    order_id character varying(100) NOT NULL,
    payer_id character varying(100) NOT NULL,
    payment_method character varying(50) NOT NULL,
    amount numeric(10,2) NOT NULL,
    currency character varying(4) NOT NULL,
    payment_date timestamp with time zone NOT NULL,
    booking_id bigint NOT NULL,
    capture_id character varying(100)
);


ALTER TABLE public.booking_payment OWNER TO postgres;

--
-- Name: booking_payment_id_seq; Type: SEQUENCE; Schema: public; Owner: postgres
--

ALTER TABLE public.booking_payment ALTER COLUMN id ADD GENERATED BY DEFAULT AS IDENTITY (
    SEQUENCE NAME public.booking_payment_id_seq
    START WITH 1
    INCREMENT BY 1
    NO MINVALUE
    NO MAXVALUE
    CACHE 1
);


--
-- Name: theatres_showtime; Type: TABLE; Schema: public; Owner: postgres
--

CREATE TABLE public.theatres_showtime (
    id bigint NOT NULL,
    end_time time without time zone,
    created_at timestamp with time zone NOT NULL,
    modified_at timestamp with time zone NOT NULL,
    movie_id bigint NOT NULL,
    screen_id bigint NOT NULL,
    show_date date,
    slot_id bigint,
    end_date date
);


ALTER TABLE public.theatres_showtime OWNER TO postgres;

--
-- Name: theatres_showtime_id_seq; Type: SEQUENCE; Schema: public; Owner: postgres
--

ALTER TABLE public.theatres_showtime ALTER COLUMN id ADD GENERATED BY DEFAULT AS IDENTITY (
    SEQUENCE NAME public.theatres_showtime_id_seq
    START WITH 1
    INCREMENT BY 1
    NO MINVALUE
    NO MAXVALUE
    CACHE 1
);


--
-- Data for Name: booking_booking; Type: TABLE DATA; Schema: public; Owner: postgres
--

COPY public.booking_booking (id, booking_id, customer_name, customer_email, booking_time, status, payment_id, amount, show_id, user_id, qr_code, cancelled_at, refund_amount, refunt_status) FROM stdin;
2	MOV-20250424-LKAR	abinav	abinav@gmail.com	2025-04-24 17:59:55.366973+05:30	confirmed	1XK07475NH1178022	180.00	93	18	\N	\N	\N	not-applicable
3	MOV-20250424-B1FK	abinav	abinav@gmail.com	2025-04-24 18:17:38.066065+05:30	confirmed	9KE80849JE961924S	270.00	93	18	\N	\N	\N	not-applicable
4	MOV-20250424-XH54	abinav	abinav@gmail.com	2025-04-24 21:17:05.81516+05:30	confirmed	3X67027192442332S	90.00	103	18	\N	\N	\N	not-applicable
5	MOV-20250424-QRXV	abinav	abinav@gmail.com	2025-04-24 23:09:38.259356+05:30	confirmed	50S24780S8359534L	90.00	113	18	\N	\N	\N	not-applicable
6	MOV-20250424-YLP8	abinav	abinav@gmail.com	2025-04-24 23:11:43.062912+05:30	confirmed	9YJ47691LM568300G	180.00	113	18	\N	\N	\N	not-applicable
7	MOV-20250424-EJTH	abinav	abinav@gmail.com	2025-04-24 23:14:02.672979+05:30	confirmed	17P36049YN468791G	90.00	113	18	\N	\N	\N	not-applicable
8	MOV-20250424-29Q5	abinav	abinav@gmail.com	2025-04-24 23:31:42.927437+05:30	confirmed	8YR4349519250812R	90.00	112	18	\N	\N	\N	not-applicable
9	MOV-20250424-IE1O	abinav	abinav@gmail.com	2025-04-24 23:34:54.191757+05:30	confirmed	8DD974527A8576614	90.00	112	18	\N	\N	\N	not-applicable
10	MOV-20250424-FIZH	abinav	abinav@gmail.com	2025-04-24 23:39:15.479244+05:30	confirmed	7KL06051GG3111932	180.00	112	18	\N	\N	\N	not-applicable
11	MOV-20250425-ME1O	abinav	abinav@gmail.com	2025-04-25 00:09:59.412897+05:30	confirmed	3T350593MC446025P	180.00	113	18	\N	\N	\N	not-applicable
12	MOV-20250425-VTTY	abinav	abinav@gmail.com	2025-04-25 04:55:56.297184+05:30	confirmed	6X804301782493311	180.00	113	18	\N	\N	\N	not-applicable
13	MOV-20250425-PMZ0	abinav	abinav@gmail.com	2025-04-25 05:10:40.23929+05:30	confirmed	8RL97081GG425291X	90.00	113	18	\N	\N	\N	not-applicable
14	MOV-20250425-TJSP	abinav	abinav@gmail.com	2025-04-25 05:15:35.904619+05:30	confirmed	8B61288967020742K	90.00	113	18	\N	\N	\N	not-applicable
15	MOV-20250425-G0UP	abinav	abinav@gmail.com	2025-04-25 05:26:36.505542+05:30	confirmed	3NG536377X5274616	90.00	113	18	\N	\N	\N	not-applicable
16	MOV-20250425-P727	abinav	abinav@gmail.com	2025-04-25 06:20:25.610741+05:30	confirmed	1NS79649XR5266247	90.00	130	18	\N	\N	\N	not-applicable
17	MOV-20250425-1JWC	abinav	abinav@gmail.com	2025-04-25 07:20:38.684845+05:30	confirmed	52174324U4424894C	90.00	113	18	\N	\N	\N	not-applicable
18	MOV-20250425-7SH9	abinav	abinav@gmail.com	2025-04-25 07:30:38.856165+05:30	confirmed	80869468GJ3916443	90.00	113	18	\N	\N	\N	not-applicable
19	MOV-20250425-WXWH	abinav	abinav@gmail.com	2025-04-25 08:18:21.132077+05:30	confirmed	70N192244T9271839	90.00	113	18	\N	\N	\N	not-applicable
20	MOV-20250425-9H1W	sainu	sainu@gmail.com	2025-04-25 09:33:18.447549+05:30	confirmed	50174154C6816983J	90.00	101	17	\N	\N	\N	not-applicable
21	MOV-20250425-1FRG	muhammed asjad BCR 50	mhdasjad877@gmail.com	2025-04-25 10:40:15.085274+05:30	confirmed	3MH530685F793915B	90.00	130	6	\N	\N	\N	not-applicable
22	MOV-20250425-FEC7	muhammed asjad BCR 50	mhdasjad877@gmail.com	2025-04-25 10:47:35.500363+05:30	confirmed	4YV07377U3635122R	90.00	130	6	\N	\N	\N	not-applicable
23	MOV-20250425-5IAR	muhammed asjad BCR 50	mhdasjad877@gmail.com	2025-04-25 11:20:35.751589+05:30	confirmed	41C876911P4267355	180.00	113	6	\N	\N	\N	not-applicable
24	MOV-20250425-L577	abinav	abinav@gmail.com	2025-04-25 11:36:53.023764+05:30	confirmed	4UX17003DA017293V	180.00	130	18	\N	\N	\N	not-applicable
25	MOV-20250425-DPJH	test123	test123@gmail.com	2025-04-25 15:15:31.879059+05:30	confirmed	5PP024862A557515Y	180.00	132	28	\N	\N	\N	not-applicable
26	MOV-20250426-5UL8	sainu	sainu@gmail.com	2025-04-26 13:13:19.464301+05:30	confirmed	2VN07973SM879014A	90.00	129	17	\N	\N	\N	not-applicable
28	MOV-62405202-H9HG	sainuka	sainu@gmail.com	2025-04-26 20:58:17.663631+05:30	confirmed	1AP072503S5926812	90.00	132	17	\N	\N	\N	not-applicable
29	MOV-72405202-72TU	muhammed asjad BCR 50	mhdasjad877@gmail.com	2025-04-27 13:32:56.817569+05:30	confirmed	9FE97029XD355602F	360.00	145	6	\N	\N	\N	not-applicable
30	MOV-72405202-O76T	sainuka	sainu@gmail.com	2025-04-27 21:51:14.442852+05:30	confirmed	73C30330X82068311	360.00	115	17	qrcodes/qr-MOV-72405202-O76T.png	\N	\N	not-applicable
31	MOV-82405202-1MWU	sainuka	sainu@gmail.com	2025-04-28 09:00:34.447226+05:30	confirmed	6BA292896W6658235	270.00	145	17	qrcodes/qr-MOV-82405202-1MWU.png	\N	\N	not-applicable
32	MOV-82405202-FLV9	sainuka	sainu@gmail.com	2025-04-28 11:49:26.543042+05:30	confirmed	50264882HV1745227	360.00	134	17	qrcodes/qr-MOV-82405202-FLV9.png	\N	\N	not-applicable
33	MOV-82405202-R8JB	sainuka	sainu@gmail.com	2025-04-28 12:07:53.905495+05:30	confirmed	40C09028WC812221C	180.00	144	17	qrcodes/qr-MOV-82405202-R8JB.png	\N	\N	not-applicable
34	MOV-03405202-08IC	ajippan	aji@gmail.com	2025-04-30 01:08:52.629413+05:30	confirmed	1GC30018PH583370M	1080.00	174	29	qrcodes/qr-MOV-03405202-08IC.png	\N	\N	not-applicable
39	MOV-30505202-ELRX	sainu	sainu@gmail.com	2025-05-03 10:44:57.515988+05:30	confirmed	5HD59860Y4186523E	630.00	201	17	qrcodes/qr-MOV-30505202-ELRX.png	\N	\N	not-applicable
38	MOV-03405202-HSI7	sainuka	sainu@gmail.com	2025-04-30 15:27:35.17732+05:30	confirmed	78A32499W6361912N	360.00	168	17	qrcodes/qr-MOV-03405202-HSI7.png	\N	\N	not-applicable
40	MOV-50505202-KK11	sainu	sainu@gmail.com	2025-05-05 11:15:08.652314+05:30	confirmed	52J16513VL059051M	540.00	202	17	qrcodes/qr-MOV-50505202-KK11.png	\N	\N	not-applicable
41	MOV-50505202-JHWQ	sainu	sainu@gmail.com	2025-05-05 18:26:18.484169+05:30	confirmed	5BW8493561353731E	180.00	202	17	qrcodes/qr-MOV-50505202-JHWQ.png	\N	\N	not-applicable
42	MOV-60505202-W3TG	abinav	abinav@gmail.com	2025-05-06 20:47:05.465842+05:30	confirmed	66M84173EH192851F	450.00	187	18	qrcodes/qr-MOV-60505202-W3TG.png	\N	\N	not-applicable
43	MOV-70505202-TQFA	abinav	abinav@gmail.com	2025-05-07 22:03:02.216994+05:30	confirmed	2DB45728FG094063C	270.00	176	18	qrcodes/qr-MOV-70505202-TQFA.png	\N	\N	not-applicable
48	MOV-80505202-2NKL	sainu	sainu@gmail.com	2025-05-08 11:26:09.050592+05:30	confirmed	57J57781D43959200	90.00	203	17	qrcodes/qr-MOV-80505202-2NKL.png	\N	\N	not-applicable
49	MOV-80505202-JDCU	sainu	sainu@gmail.com	2025-05-08 14:37:20.016916+05:30	confirmed	9R005366DL717794V	180.00	203	17	qrcodes/qr-MOV-80505202-JDCU.png	\N	\N	not-applicable
50	MOV-80505202-G7GY	abinav	abinav@gmail.com	2025-05-08 15:19:32.078961+05:30	confirmed	4SL65863MC0269828	180.00	206	18	qrcodes/qr-MOV-80505202-G7GY.png	\N	\N	not-applicable
52	MOV-80505202-K2YF	abinav	abinav@gmail.com	2025-05-08 21:43:27.069676+05:30	confirmed	4GA002904C5804646	180.00	199	18	qrcodes/qr-MOV-80505202-K2YF.png	\N	\N	not-applicable
53	MOV-80505202-0LNF	abinav	abinav@gmail.com	2025-05-08 21:49:50.420591+05:30	confirmed	48S10385557504708	360.00	199	18	qrcodes/qr-MOV-80505202-0LNF.png	\N	\N	not-applicable
54	MOV-90505202-ULYY	abinav	abinav@gmail.com	2025-05-09 14:21:19.938992+05:30	confirmed	66H59353UD439315T	270.00	204	18	qrcodes/qr-MOV-90505202-ULYY.png	\N	\N	not-applicable
55	MOV-90505202-4RIR	abinav	abinav@gmail.com	2025-05-09 14:51:23.838715+05:30	confirmed	50109631MD176573L	180.00	204	18	qrcodes/qr-MOV-90505202-4RIR.png	\N	\N	not-applicable
56	MOV-90505202-DS3H	abinav	abinav@gmail.com	2025-05-09 15:34:23.655871+05:30	confirmed	01P17841T9725824C	180.00	204	18	qrcodes/qr-MOV-90505202-DS3H.png	\N	\N	not-applicable
70	MOV-01505202-DNL0	binu	binu@gmail.com	2025-05-10 15:49:20.150916+05:30	cancelled	1KL03446WA009560S	270.00	213	30	qrcodes/qr-MOV-01505202-DNL0.png	2025-05-10	202.50	completed
64	MOV-01505202-1L1T	abinav	abinav@gmail.com	2025-05-10 01:54:47.71397+05:30	confirmed	53044092SJ0908945	90.00	205	18	qrcodes/qr-MOV-01505202-1L1T.png	\N	\N	not-applicable
63	MOV-01505202-MNKB	abinav	abinav@gmail.com	2025-05-10 01:51:45.190111+05:30	cancelled	14G48486NS5305148	360.00	207	18	qrcodes/qr-MOV-01505202-MNKB.png	2025-05-10	352.80	completed
71	MOV-21505202-AGAK	binu	binu@gmail.com	2025-05-12 00:52:40.20546+05:30	cancelled	7WK65631NB9462449	180.00	214	30	qrcodes/qr-MOV-21505202-AGAK.png	2025-05-12	135.00	completed
72	MOV-21505202-NWQU	binu	binu@gmail.com	2025-05-12 15:03:34.803059+05:30	confirmed	0KA958950G290903W	180.00	218	30	qrcodes/qr-MOV-21505202-NWQU.png	\N	\N	not-applicable
68	MOV-01505202-VOD7	binu	binu@gmail.com	2025-05-10 13:30:23.521297+05:30	cancelled	64931716Y1325004G	270.00	210	30	qrcodes/qr-MOV-01505202-VOD7.png	2025-05-10	0.00	not_applicable
74	MOV-31505202-QWHI	kovod	pufiq@mailinator.com	2025-05-13 22:55:03.265197+05:30	confirmed	2XJ9208683043180M	180.00	215	13	qrcodes/qr-MOV-31505202-QWHI.png	\N	\N	not-applicable
58	MOV-90505202-TMLI	abinav	abinav@gmail.com	2025-05-09 16:41:22.489294+05:30	cancelled	4F425197GC947063J	180.00	204	18	qrcodes/qr-MOV-90505202-TMLI.png	2025-05-09	0.00	not_applicable
75	MOV-31505202-E2IP	kovod	pufiq@mailinator.com	2025-05-13 23:22:02.477491+05:30	confirmed	6XV05050PY143451F	360.00	218	13	qrcodes/qr-MOV-31505202-E2IP.png	\N	\N	not-applicable
73	MOV-31505202-AG6V	sainu	sainu@gmail.com	2025-05-13 12:45:26.090502+05:30	cancelled	78168240CH727523X	90.00	218	17	qrcodes/qr-MOV-31505202-AG6V.png	2025-05-13	0.00	not_applicable
65	MOV-01505202-AFEL	admin	admin@gmail.com	2025-05-10 11:28:12.886064+05:30	cancelled	0FX81636756378521	90.00	205	1	qrcodes/qr-MOV-01505202-AFEL.png	2025-05-10	0.00	non applicable
62	MOV-90505202-4SVD	abinav	abinav@gmail.com	2025-05-09 21:50:30.982768+05:30	cancelled	24S08542PJ205144N	90.00	205	18	qrcodes/qr-MOV-90505202-4SVD.png	2025-05-09	67.50	completed
76	MOV-91505202-FSB2	binu	binu@gmail.com	2025-05-19 00:06:16.256285+05:30	cancelled	13573999JU8865821	90.00	225	30	qrcodes/qr-MOV-91505202-FSB2.png	2025-05-19	88.20	pending
66	MOV-01505202-EMVY	binu	binu@gmail.com	2025-05-10 12:50:37.163149+05:30	cancelled	4XF06624FT0745839	270.00	210	30	qrcodes/qr-MOV-01505202-EMVY.png	2025-05-10	0.00	not_applicable
69	MOV-01505202-YZPD	binu	binu@gmail.com	2025-05-10 15:29:34.870551+05:30	cancelled	4KV38788GY620442M	360.00	211	30	qrcodes/qr-MOV-01505202-YZPD.png	2025-05-10	270.00	completed
67	MOV-01505202-E789	binu	binu@gmail.com	2025-05-10 13:22:46.431392+05:30	cancelled	73R83944L2901643S	270.00	211	30	qrcodes/qr-MOV-01505202-E789.png	2025-05-10	202.50	completed
77	MOV-91505202-EJPF	binu	binu@gmail.com	2025-05-19 08:55:43.394091+05:30	confirmed	64D047841S3207720	270.00	225	30	qrcodes/qr-MOV-91505202-EJPF.png	\N	\N	not-applicable
57	MOV-90505202-QZ99	abinav	abinav@gmail.com	2025-05-09 15:59:10.717683+05:30	cancelled	93T523042U629035S	90.00	204	18	qrcodes/qr-MOV-90505202-QZ99.png	2025-05-09	0.00	failed
78	MOV-91505202-UXWJ	muhammed asjad BCR 50	mhdasjad877@gmail.com	2025-05-19 16:50:50.853783+05:30	confirmed	1CC347221N624100B	90.00	225	6	qrcodes/qr-MOV-91505202-UXWJ.png	\N	\N	not-applicable
\.


--
-- Data for Name: booking_bookingseat; Type: TABLE DATA; Schema: public; Owner: postgres
--

COPY public.booking_bookingseat (id, price, booking_id, seat_id, status) FROM stdin;
3	90.00	2	243	booked
4	90.00	2	244	booked
5	90.00	3	180	booked
6	90.00	3	170	booked
7	90.00	3	171	booked
8	90.00	4	315	booked
9	90.00	5	324	booked
10	90.00	6	325	booked
11	90.00	6	326	booked
12	90.00	7	305	booked
13	90.00	8	307	booked
14	90.00	9	299	booked
15	90.00	10	338	booked
16	90.00	10	339	booked
17	90.00	11	384	booked
18	90.00	11	385	booked
19	90.00	12	382	booked
20	90.00	12	381	booked
21	90.00	13	347	booked
22	90.00	14	389	booked
23	90.00	15	390	booked
24	90.00	16	853	booked
25	90.00	17	348	booked
26	90.00	18	378	booked
27	90.00	19	355	booked
28	90.00	20	296	booked
29	90.00	21	839	booked
30	90.00	22	840	booked
31	90.00	23	340	booked
32	90.00	23	341	booked
33	90.00	24	837	booked
34	90.00	24	836	booked
35	90.00	25	881	booked
36	90.00	25	882	booked
37	90.00	26	856	booked
39	90.00	28	875	booked
40	180.00	29	1083	booked
41	180.00	29	1082	booked
42	180.00	30	314	booked
43	180.00	30	315	booked
44	90.00	31	1053	booked
45	90.00	31	1054	booked
46	90.00	31	1055	booked
47	120.00	32	864	booked
48	120.00	32	865	booked
49	120.00	32	863	booked
50	90.00	33	1068	booked
51	90.00	33	1069	booked
52	180.00	34	1400	booked
54	180.00	34	1396	booked
55	180.00	34	1395	booked
56	180.00	34	1390	booked
57	180.00	34	1391	booked
63	180.00	38	1400	booked
64	180.00	38	1431	booked
65	157.00	39	1437	booked
66	157.00	39	1438	booked
67	157.00	39	1439	booked
68	157.00	39	1487	booked
69	180.00	40	1449	booked
70	180.00	40	1461	booked
71	180.00	40	1462	booked
72	180.00	41	1450	booked
73	90.00	42	954	booked
74	90.00	42	964	booked
75	90.00	42	974	booked
76	90.00	42	984	booked
77	90.00	42	994	booked
78	135.00	43	1411	booked
79	135.00	43	1431	booked
82	90.00	48	1620	booked
83	90.00	49	1580	booked
97	90.00	54	1581	booked
84	90.00	49	1581	booked
85	90.00	50	1580	booked
86	90.00	50	1581	booked
98	90.00	54	1583	booked
99	90.00	54	1582	booked
100	90.00	55	1580	booked
101	90.00	55	1584	booked
102	90.00	56	1586	booked
103	90.00	56	1585	booked
105	90.00	58	1592	cancelled
106	90.00	58	1591	cancelled
116	90.00	62	1586	cancelled
91	90.00	52	1072	booked
92	90.00	52	1073	booked
93	90.00	53	1050	booked
94	90.00	53	1051	booked
95	90.00	53	1059	booked
96	90.00	53	1058	booked
132	90.00	69	1530	cancelled
133	90.00	69	1531	cancelled
134	90.00	69	1532	cancelled
135	90.00	69	1545	cancelled
104	90.00	57	1587	cancelled
117	90.00	63	1580	cancelled
118	90.00	63	1581	cancelled
119	90.00	63	1589	cancelled
120	90.00	63	1588	cancelled
121	90.00	64	1642	booked
122	90.00	65	1641	cancelled
123	90.00	66	1532	cancelled
124	90.00	66	1542	cancelled
125	90.00	66	1541	cancelled
126	90.00	67	1530	cancelled
127	90.00	67	1540	cancelled
128	90.00	67	1541	cancelled
129	90.00	68	1561	cancelled
130	90.00	68	1560	cancelled
131	90.00	68	1550	cancelled
136	90.00	70	1644	cancelled
137	90.00	70	1645	cancelled
138	90.00	70	1646	cancelled
139	90.00	71	1677	cancelled
140	90.00	71	1678	cancelled
141	90.00	72	1647	booked
142	90.00	72	1655	booked
143	90.00	73	1644	cancelled
144	90.00	74	1647	booked
145	90.00	74	1655	booked
146	90.00	75	1662	booked
147	90.00	75	1654	booked
148	90.00	75	1661	booked
149	90.00	75	1653	booked
150	90.00	76	1531	cancelled
151	90.00	77	1532	booked
152	90.00	77	1531	booked
153	90.00	77	1530	booked
154	90.00	78	1542	booked
\.


--
-- Data for Name: booking_payment; Type: TABLE DATA; Schema: public; Owner: postgres
--

COPY public.booking_payment (id, order_id, payer_id, payment_method, amount, currency, payment_date, booking_id, capture_id) FROM stdin;
1	MOV-20250424-LKAR	1XK07475NH1178022	paypal	180.00	USD	2025-04-24 17:59:55.404974+05:30	2	\N
2	MOV-20250424-B1FK	9KE80849JE961924S	paypal	270.00	USD	2025-04-24 18:17:38.084076+05:30	3	\N
3	MOV-20250424-XH54	3X67027192442332S	paypal	90.00	USD	2025-04-24 21:17:05.826682+05:30	4	\N
4	MOV-20250424-QRXV	50S24780S8359534L	paypal	90.00	USD	2025-04-24 23:09:38.293364+05:30	5	\N
5	MOV-20250424-YLP8	9YJ47691LM568300G	paypal	180.00	USD	2025-04-24 23:11:43.082686+05:30	6	\N
6	MOV-20250424-EJTH	17P36049YN468791G	paypal	90.00	USD	2025-04-24 23:14:02.688902+05:30	7	\N
7	MOV-20250424-29Q5	8YR4349519250812R	paypal	90.00	USD	2025-04-24 23:31:42.939965+05:30	8	\N
8	MOV-20250424-IE1O	8DD974527A8576614	paypal	90.00	USD	2025-04-24 23:34:54.205746+05:30	9	\N
9	MOV-20250424-FIZH	7KL06051GG3111932	paypal	180.00	USD	2025-04-24 23:39:15.523069+05:30	10	\N
10	MOV-20250425-ME1O	3T350593MC446025P	paypal	180.00	USD	2025-04-25 00:09:59.447844+05:30	11	\N
11	MOV-20250425-VTTY	6X804301782493311	paypal	180.00	USD	2025-04-25 04:55:56.319863+05:30	12	\N
12	MOV-20250425-PMZ0	8RL97081GG425291X	paypal	90.00	USD	2025-04-25 05:10:40.253264+05:30	13	\N
13	MOV-20250425-TJSP	8B61288967020742K	paypal	90.00	USD	2025-04-25 05:15:35.913623+05:30	14	\N
14	MOV-20250425-G0UP	3NG536377X5274616	paypal	90.00	USD	2025-04-25 05:26:36.517234+05:30	15	\N
15	MOV-20250425-P727	1NS79649XR5266247	paypal	90.00	USD	2025-04-25 06:20:25.62351+05:30	16	\N
16	MOV-20250425-1JWC	52174324U4424894C	paypal	90.00	USD	2025-04-25 07:20:38.700599+05:30	17	\N
17	MOV-20250425-7SH9	80869468GJ3916443	paypal	90.00	USD	2025-04-25 07:30:38.869133+05:30	18	\N
18	MOV-20250425-WXWH	70N192244T9271839	paypal	90.00	USD	2025-04-25 08:18:21.147089+05:30	19	\N
19	MOV-20250425-9H1W	50174154C6816983J	paypal	90.00	USD	2025-04-25 09:33:18.455555+05:30	20	\N
20	MOV-20250425-1FRG	3MH530685F793915B	paypal	90.00	USD	2025-04-25 10:40:15.117274+05:30	21	\N
21	MOV-20250425-FEC7	4YV07377U3635122R	paypal	90.00	USD	2025-04-25 10:47:35.51199+05:30	22	\N
22	MOV-20250425-5IAR	41C876911P4267355	paypal	180.00	USD	2025-04-25 11:20:35.770584+05:30	23	\N
23	MOV-20250425-L577	4UX17003DA017293V	paypal	180.00	USD	2025-04-25 11:36:53.03973+05:30	24	\N
24	MOV-20250425-DPJH	5PP024862A557515Y	paypal	180.00	USD	2025-04-25 15:15:32.003176+05:30	25	\N
25	MOV-20250426-5UL8	2VN07973SM879014A	paypal	90.00	USD	2025-04-26 13:13:19.493331+05:30	26	\N
27	MOV-62405202-H9HG	1AP072503S5926812	paypal	90.00	USD	2025-04-26 20:58:17.677632+05:30	28	\N
28	MOV-72405202-72TU	9FE97029XD355602F	paypal	360.00	USD	2025-04-27 13:32:56.886955+05:30	29	\N
29	MOV-72405202-O76T	73C30330X82068311	paypal	360.00	USD	2025-04-27 21:51:14.816646+05:30	30	\N
30	MOV-82405202-1MWU	6BA292896W6658235	paypal	270.00	USD	2025-04-28 09:00:34.864009+05:30	31	\N
31	MOV-82405202-FLV9	50264882HV1745227	paypal	360.00	USD	2025-04-28 11:49:27.173275+05:30	32	\N
32	MOV-82405202-R8JB	40C09028WC812221C	paypal	180.00	USD	2025-04-28 12:07:53.950419+05:30	33	\N
33	MOV-03405202-08IC	1GC30018PH583370M	paypal	1080.00	USD	2025-04-30 01:08:53.098395+05:30	34	\N
35	MOV-03405202-HSI7	78A32499W6361912N	paypal	360.00	USD	2025-04-30 15:27:35.306299+05:30	38	\N
36	MOV-30505202-ELRX	5HD59860Y4186523E	paypal	630.00	USD	2025-05-03 10:44:58.835399+05:30	39	\N
37	MOV-50505202-KK11	52J16513VL059051M	paypal	540.00	USD	2025-05-05 11:15:09.236094+05:30	40	\N
38	MOV-50505202-JHWQ	5BW8493561353731E	paypal	180.00	USD	2025-05-05 18:26:18.839366+05:30	41	\N
39	MOV-60505202-W3TG	66M84173EH192851F	paypal	450.00	USD	2025-05-06 20:47:05.833525+05:30	42	\N
40	MOV-70505202-TQFA	2DB45728FG094063C	paypal	270.00	USD	2025-05-07 22:03:02.576081+05:30	43	\N
42	MOV-80505202-2NKL	57J57781D43959200	paypal	90.00	USD	2025-05-08 11:26:09.447839+05:30	48	\N
43	MOV-80505202-JDCU	9R005366DL717794V	paypal	180.00	USD	2025-05-08 14:37:20.168679+05:30	49	\N
44	MOV-80505202-G7GY	4SL65863MC0269828	paypal	180.00	USD	2025-05-08 15:19:32.163176+05:30	50	\N
46	MOV-80505202-K2YF	4GA002904C5804646	paypal	180.00	USD	2025-05-08 21:43:27.480761+05:30	52	\N
47	MOV-80505202-0LNF	48S10385557504708	paypal	360.00	USD	2025-05-08 21:49:50.47606+05:30	53	\N
48	MOV-90505202-ULYY	66H59353UD439315T	paypal	270.00	USD	2025-05-09 14:21:20.341264+05:30	54	\N
49	MOV-90505202-4RIR	50109631MD176573L	paypal	180.00	USD	2025-05-09 14:51:24.17546+05:30	55	\N
50	MOV-90505202-DS3H	01P17841T9725824C	paypal	180.00	USD	2025-05-09 15:34:23.912662+05:30	56	\N
51	MOV-90505202-QZ99	93T523042U629035S	paypal	90.00	USD	2025-05-09 15:59:10.875774+05:30	57	\N
52	MOV-90505202-TMLI	4F425197GC947063J	paypal	180.00	USD	2025-05-09 16:41:22.66556+05:30	58	5KJ73877R58056430
56	MOV-90505202-4SVD	24S08542PJ205144N	paypal	90.00	USD	2025-05-09 21:50:31.143458+05:30	62	9UN219993K7642815
57	MOV-01505202-MNKB	14G48486NS5305148	paypal	360.00	USD	2025-05-10 01:51:45.239123+05:30	63	6L900818JB7996944
58	MOV-01505202-1L1T	53044092SJ0908945	paypal	90.00	USD	2025-05-10 01:54:47.767825+05:30	64	5YK08899U07357043
59	MOV-01505202-AFEL	0FX81636756378521	paypal	90.00	USD	2025-05-10 11:28:13.341739+05:30	65	4CW288831V1887027
60	MOV-01505202-EMVY	4XF06624FT0745839	paypal	270.00	USD	2025-05-10 12:50:37.408127+05:30	66	06306763A02989842
61	MOV-01505202-E789	73R83944L2901643S	paypal	270.00	USD	2025-05-10 13:22:46.825824+05:30	67	5FB42179BT170171R
62	MOV-01505202-VOD7	64931716Y1325004G	paypal	270.00	USD	2025-05-10 13:30:23.565359+05:30	68	45V15188HP950411E
63	MOV-01505202-YZPD	4KV38788GY620442M	paypal	360.00	USD	2025-05-10 15:29:35.010477+05:30	69	09C95490BK782163Y
64	MOV-01505202-DNL0	1KL03446WA009560S	paypal	270.00	USD	2025-05-10 15:49:20.578109+05:30	70	2AN399089E939054X
65	MOV-21505202-AGAK	7WK65631NB9462449	paypal	180.00	USD	2025-05-12 00:52:40.607945+05:30	71	8GT37414HB4777748
66	MOV-21505202-NWQU	0KA958950G290903W	paypal	180.00	USD	2025-05-12 15:03:35.403307+05:30	72	3PY431370G715551S
67	MOV-31505202-AG6V	78168240CH727523X	paypal	90.00	USD	2025-05-13 12:45:26.440618+05:30	73	2UE84746378983737
68	MOV-31505202-QWHI	2XJ9208683043180M	paypal	180.00	USD	2025-05-13 22:55:03.763739+05:30	74	6VC36015A3989471X
69	MOV-31505202-E2IP	6XV05050PY143451F	paypal	360.00	USD	2025-05-13 23:22:02.61951+05:30	75	6C0410016H2226912
70	MOV-91505202-FSB2	13573999JU8865821	paypal	90.00	USD	2025-05-19 00:06:16.595035+05:30	76	9A208047VP800202H
71	MOV-91505202-EJPF	64D047841S3207720	paypal	270.00	USD	2025-05-19 08:55:44.200889+05:30	77	834555091U1608350
72	MOV-91505202-UXWJ	1CC347221N624100B	paypal	90.00	USD	2025-05-19 16:50:51.302419+05:30	78	13E60290E0753762E
\.


--
-- Data for Name: theatres_showtime; Type: TABLE DATA; Schema: public; Owner: postgres
--

COPY public.theatres_showtime (id, end_time, created_at, modified_at, movie_id, screen_id, show_date, slot_id, end_date) FROM stdin;
170	18:00:00	2025-04-29 12:25:07.585585+05:30	2025-05-20 18:27:45.760737+05:30	10	56	2025-05-01	87	2025-05-08
171	18:00:00	2025-04-29 12:25:07.585585+05:30	2025-05-20 18:27:45.766137+05:30	10	56	2025-05-02	87	2025-05-08
172	18:00:00	2025-04-29 12:25:07.585585+05:30	2025-05-20 18:27:45.768137+05:30	10	56	2025-05-03	87	2025-05-08
173	18:00:00	2025-04-29 12:25:07.585585+05:30	2025-05-20 18:27:45.771137+05:30	10	56	2025-05-04	87	2025-05-08
174	18:00:00	2025-04-29 12:25:07.586584+05:30	2025-05-20 18:27:45.774137+05:30	10	56	2025-05-05	87	2025-05-08
175	18:00:00	2025-04-29 12:25:07.586584+05:30	2025-05-20 18:27:45.777154+05:30	10	56	2025-05-06	87	2025-05-08
176	18:00:00	2025-04-29 12:25:07.586584+05:30	2025-05-20 18:27:45.780135+05:30	10	56	2025-05-07	87	2025-05-08
17	14:30:00	2025-04-14 12:07:29.544677+05:30	2025-05-20 18:27:45.782385+05:30	2	24	2025-04-16	13	\N
180	13:48:00	2025-04-30 00:01:07.614399+05:30	2025-05-20 18:27:45.785354+05:30	11	42	2025-05-01	66	2025-05-04
181	13:48:00	2025-04-30 00:01:07.614399+05:30	2025-05-20 18:27:45.788334+05:30	11	42	2025-05-02	66	2025-05-04
182	13:48:00	2025-04-30 00:01:07.614399+05:30	2025-05-20 18:27:45.789329+05:30	11	42	2025-05-03	66	2025-05-04
22	21:33:00	2025-04-15 11:14:55.920853+05:30	2025-05-20 18:27:45.790328+05:30	8	28	2025-04-26	21	\N
183	13:48:00	2025-04-30 00:01:07.614399+05:30	2025-05-20 18:27:45.792329+05:30	11	42	2025-05-04	66	2025-05-04
186	14:00:00	2025-04-30 09:46:52.986547+05:30	2025-05-20 18:27:45.793328+05:30	10	42	2025-05-05	66	2025-05-07
25	12:00:00	2025-04-15 12:55:50.840535+05:30	2025-05-20 18:27:45.795328+05:30	6	29	2025-04-16	26	\N
187	14:00:00	2025-04-30 09:46:52.986547+05:30	2025-05-20 18:27:45.796327+05:30	10	42	2025-05-06	66	2025-05-07
188	14:00:00	2025-04-30 09:46:52.986547+05:30	2025-05-20 18:27:45.797474+05:30	10	42	2025-05-07	66	2025-05-07
192	00:30:00	2025-04-30 13:12:12.935818+05:30	2025-05-20 18:27:45.798548+05:30	10	44	2025-05-01	88	2025-05-08
29	20:00:00	2025-04-16 15:22:27.872052+05:30	2025-05-20 18:27:45.798925+05:30	6	30	2025-04-17	37	\N
30	22:50:00	2025-04-16 15:22:42.201741+05:30	2025-05-20 18:27:45.79993+05:30	7	30	2025-04-17	38	\N
193	00:30:00	2025-04-30 13:12:12.936838+05:30	2025-05-20 18:27:45.800929+05:30	10	44	2025-05-02	88	2025-05-08
194	00:30:00	2025-04-30 13:12:12.936838+05:30	2025-05-20 18:27:45.80193+05:30	10	44	2025-05-03	88	2025-05-08
195	00:30:00	2025-04-30 13:12:12.936838+05:30	2025-05-20 18:27:45.80293+05:30	10	44	2025-05-04	88	2025-05-08
196	00:30:00	2025-04-30 13:12:12.936838+05:30	2025-05-20 18:27:45.80493+05:30	10	44	2025-05-05	88	2025-05-08
197	00:30:00	2025-04-30 13:12:12.936838+05:30	2025-05-20 18:27:45.80593+05:30	10	44	2025-05-06	88	2025-05-08
198	00:30:00	2025-04-30 13:12:12.936838+05:30	2025-05-20 18:27:45.80793+05:30	10	44	2025-05-07	88	2025-05-08
72	18:31:00	2025-04-23 17:48:51.528546+05:30	2025-05-20 18:27:45.865325+05:30	2	28	2025-04-23	20	2025-04-24
199	00:30:00	2025-04-30 13:12:12.936838+05:30	2025-05-20 18:27:45.809929+05:30	10	44	2025-05-08	88	2025-05-08
103	19:30:00	2025-04-24 08:54:13.997081+05:30	2025-05-20 18:27:45.866325+05:30	6	31	2025-04-27	41	2025-04-28
39	12:22:00	2025-04-18 08:53:28.82769+05:30	2025-05-20 18:27:45.810929+05:30	6	33	2025-04-18	47	\N
42	20:00:00	2025-04-18 16:15:55.040733+05:30	2025-05-20 18:27:45.81193+05:30	3	31	2025-04-19	41	\N
43	12:30:00	2025-04-18 16:19:37.623779+05:30	2025-05-20 18:27:45.812929+05:30	3	29	2025-04-19	26	\N
44	12:52:00	2025-04-19 09:44:44.718995+05:30	2025-05-20 18:27:45.813929+05:30	3	33	2025-04-19	47	\N
45	02:00:00	2025-04-19 23:00:25.50936+05:30	2025-05-20 18:27:45.815728+05:30	3	34	2025-04-24	49	\N
46	21:33:00	2025-04-20 09:09:57.686728+05:30	2025-05-20 18:27:45.816755+05:30	2	35	2025-04-20	51	\N
47	02:20:00	2025-04-20 09:19:43.164817+05:30	2025-05-20 18:27:45.817759+05:30	7	36	2025-04-21	55	\N
213	19:41:00	2025-05-10 15:46:19.284496+05:30	2025-05-20 18:27:45.818759+05:30	3	60	2025-05-11	94	2025-05-13
214	19:41:00	2025-05-10 15:46:19.284496+05:30	2025-05-20 18:27:45.819758+05:30	3	60	2025-05-12	94	2025-05-13
50	20:00:00	2025-04-22 10:46:14.751003+05:30	2025-05-20 18:27:45.820761+05:30	3	31	2025-04-22	41	\N
215	19:41:00	2025-05-10 15:46:19.284496+05:30	2025-05-20 18:27:45.82376+05:30	3	60	2025-05-13	94	2025-05-13
221	14:30:00	2025-05-13 20:41:34.587067+05:30	2025-05-20 18:27:45.825758+05:30	2	60	2025-05-16	95	2025-05-17
222	14:30:00	2025-05-13 20:41:34.587067+05:30	2025-05-20 18:27:45.827759+05:30	2	60	2025-05-17	95	2025-05-17
225	16:00:00	2025-05-19 00:05:05.968699+05:30	2025-05-20 18:27:45.828759+05:30	3	58	2025-05-20	91	2025-05-21
226	16:00:00	2025-05-19 00:05:05.968699+05:30	2025-05-20 18:27:45.830758+05:30	3	58	2025-05-21	91	2025-05-21
230	19:11:00	2025-05-19 08:44:28.392929+05:30	2025-05-20 18:27:45.831759+05:30	2	60	2025-05-20	94	2025-05-22
231	19:11:00	2025-05-19 08:44:28.393928+05:30	2025-05-20 18:27:45.832759+05:30	2	60	2025-05-21	94	2025-05-22
232	19:11:00	2025-05-19 08:44:28.393928+05:30	2025-05-20 18:27:45.833827+05:30	2	60	2025-05-22	94	2025-05-22
235	03:00:00	2025-05-20 14:17:33.332999+05:30	2025-05-20 18:27:45.834921+05:30	3	61	2025-05-21	93	2025-05-22
236	03:00:00	2025-05-20 14:17:33.332999+05:30	2025-05-20 18:27:45.835305+05:30	3	61	2025-05-22	93	2025-05-22
237	16:30:00	2025-05-20 15:00:20.693349+05:30	2025-05-20 18:27:45.836309+05:30	9	62	2025-05-22	99	2025-05-23
238	16:30:00	2025-05-20 15:00:20.693349+05:30	2025-05-20 18:27:45.838309+05:30	9	62	2025-05-23	99	2025-05-23
74	03:00:00	2025-04-23 17:55:35.547439+05:30	2025-05-20 18:27:45.839808+05:30	6	28	2025-04-25	19	2025-04-28
75	03:00:00	2025-04-23 17:55:35.547439+05:30	2025-05-20 18:27:45.840813+05:30	6	28	2025-04-26	19	2025-04-28
76	03:00:00	2025-04-23 17:55:35.547439+05:30	2025-05-20 18:27:45.841812+05:30	6	28	2025-04-27	19	2025-04-28
77	03:00:00	2025-04-23 17:55:35.547439+05:30	2025-05-20 18:27:45.842813+05:30	6	28	2025-04-28	19	2025-04-28
86	\N	2025-04-23 20:42:23.117254+05:30	2025-05-20 18:27:45.843813+05:30	10	27	2025-04-26	56	2025-04-29
88	\N	2025-04-23 20:42:23.117254+05:30	2025-05-20 18:27:45.844813+05:30	10	27	2025-04-28	56	2025-04-29
89	\N	2025-04-23 20:42:23.117254+05:30	2025-05-20 18:27:45.846816+05:30	10	27	2025-04-29	56	2025-04-29
90	18:20:00	2025-04-23 20:50:31.246506+05:30	2025-05-20 18:27:45.847812+05:30	10	27	2025-04-24	18	2025-04-25
93	18:13:00	2025-04-24 08:52:40.703317+05:30	2025-05-20 18:27:45.848812+05:30	8	29	2025-04-25	24	2025-04-28
94	18:13:00	2025-04-24 08:52:40.703317+05:30	2025-05-20 18:27:45.849813+05:30	8	29	2025-04-26	24	2025-04-28
95	18:13:00	2025-04-24 08:52:40.703317+05:30	2025-05-20 18:27:45.850813+05:30	8	29	2025-04-27	24	2025-04-28
96	18:13:00	2025-04-24 08:52:40.703317+05:30	2025-05-20 18:27:45.852399+05:30	8	29	2025-04-28	24	2025-04-28
97	15:00:00	2025-04-24 08:53:42.026731+05:30	2025-05-20 18:27:45.852743+05:30	6	29	2025-04-25	23	2025-04-28
98	15:00:00	2025-04-24 08:53:42.026731+05:30	2025-05-20 18:27:45.855317+05:30	6	29	2025-04-26	23	2025-04-28
99	15:00:00	2025-04-24 08:53:42.026731+05:30	2025-05-20 18:27:45.857332+05:30	6	29	2025-04-27	23	2025-04-28
100	15:00:00	2025-04-24 08:53:42.026731+05:30	2025-05-20 18:27:45.859357+05:30	6	29	2025-04-28	23	2025-04-28
101	19:30:00	2025-04-24 08:54:13.997081+05:30	2025-05-20 18:27:45.861326+05:30	6	31	2025-04-25	41	2025-04-28
102	19:30:00	2025-04-24 08:54:13.997081+05:30	2025-05-20 18:27:45.862325+05:30	6	31	2025-04-26	41	2025-04-28
21	18:31:00	2025-04-15 11:14:40.526276+05:30	2025-05-20 18:27:45.863326+05:30	8	28	2025-04-25	20	\N
153	15:00:00	2025-04-28 13:26:18.862169+05:30	2025-05-20 18:27:45.912639+05:30	3	43	2025-04-29	77	2025-04-29
234	02:30:00	2025-05-20 13:59:37.406781+05:30	2025-05-20 18:27:45.957657+05:30	6	57	2025-05-22	93	2025-05-22
239	17:30:00	2025-05-21 21:03:39.277177+05:30	2025-05-21 21:03:39.277177+05:30	10	61	2025-05-23	\N	2025-05-24
240	17:30:00	2025-05-21 21:03:39.315155+05:30	2025-05-21 21:03:39.315155+05:30	10	61	2025-05-24	\N	2025-05-24
139	13:48:00	2025-04-26 17:10:23.609004+05:30	2025-05-20 18:27:45.888392+05:30	11	43	2025-04-29	67	2025-04-30
140	13:48:00	2025-04-26 17:10:23.609004+05:30	2025-05-20 18:27:45.889379+05:30	11	43	2025-04-30	67	2025-04-30
152	15:00:00	2025-04-28 13:26:18.862169+05:30	2025-05-20 18:27:45.890379+05:30	3	43	2025-04-28	77	2025-04-29
117	21:31:00	2025-04-24 21:47:41.729714+05:30	2025-05-20 18:27:45.89338+05:30	9	37	2025-04-25	60	2025-04-30
118	21:31:00	2025-04-24 21:47:41.729714+05:30	2025-05-20 18:27:45.894608+05:30	9	37	2025-04-26	60	2025-04-30
119	21:31:00	2025-04-24 21:47:41.729714+05:30	2025-05-20 18:27:45.895692+05:30	9	37	2025-04-27	60	2025-04-30
120	21:31:00	2025-04-24 21:47:41.729714+05:30	2025-05-20 18:27:45.896045+05:30	9	37	2025-04-28	60	2025-04-30
121	21:31:00	2025-04-24 21:47:41.729714+05:30	2025-05-20 18:27:45.89705+05:30	9	37	2025-04-29	60	2025-04-30
122	21:31:00	2025-04-24 21:47:41.729714+05:30	2025-05-20 18:27:45.89805+05:30	9	37	2025-04-30	60	2025-04-30
123	01:00:00	2025-04-25 04:48:18.950805+05:30	2025-05-20 18:27:45.900049+05:30	6	37	2025-04-25	58	2025-04-28
128	18:30:00	2025-04-25 05:50:02.11965+05:30	2025-05-20 18:27:45.907049+05:30	3	37	2025-04-27	59	2025-04-28
129	18:30:00	2025-04-25 05:50:02.11965+05:30	2025-05-20 18:27:45.90805+05:30	3	37	2025-04-28	59	2025-04-28
130	18:30:00	2025-04-25 05:50:42.032672+05:30	2025-05-20 18:27:45.90905+05:30	3	37	2025-04-25	59	2025-04-28
133	21:00:00	2025-04-25 15:08:07.046455+05:30	2025-05-20 18:27:45.915709+05:30	3	38	2025-04-27	62	2025-04-28
134	21:00:00	2025-04-25 15:08:07.046455+05:30	2025-05-20 18:27:45.917708+05:30	3	38	2025-04-28	62	2025-04-28
136	18:30:00	2025-04-25 15:08:56.849996+05:30	2025-05-20 18:27:45.918709+05:30	7	38	2025-04-26	61	2025-04-26
155	22:56:00	2025-04-28 19:25:45.750579+05:30	2025-05-20 18:27:45.919708+05:30	2	54	2025-04-29	81	2025-04-29
143	21:30:00	2025-04-26 17:24:56.138287+05:30	2025-05-20 18:27:45.928709+05:30	10	44	2025-04-28	68	2025-04-30
144	21:30:00	2025-04-26 17:24:56.138287+05:30	2025-05-20 18:27:45.93+05:30	10	44	2025-04-29	68	2025-04-30
145	21:30:00	2025-04-26 17:24:56.139286+05:30	2025-05-20 18:27:45.931006+05:30	10	44	2025-04-30	68	2025-04-30
204	13:18:00	2025-05-08 09:31:11.239781+05:30	2025-05-20 18:27:45.933571+05:30	11	59	2025-05-09	92	2025-05-12
202	13:32:00	2025-05-03 10:34:49.53453+05:30	2025-05-20 18:27:45.939041+05:30	3	57	2025-05-05	89	2025-05-05
210	15:30:00	2025-05-10 12:48:42.797788+05:30	2025-05-20 18:27:45.940042+05:30	9	58	2025-05-10	91	2025-05-12
104	19:30:00	2025-04-24 08:54:13.997081+05:30	2025-05-20 18:27:45.870324+05:30	6	31	2025-04-28	41	2025-04-28
168	03:00:00	2025-04-29 12:24:18.060802+05:30	2025-05-20 18:27:45.872449+05:30	9	56	2025-04-30	86	2025-05-01
169	03:00:00	2025-04-29 12:24:18.060802+05:30	2025-05-20 18:27:45.874375+05:30	9	56	2025-05-01	86	2025-05-01
178	14:30:00	2025-04-29 12:26:48.267184+05:30	2025-05-20 18:27:45.87538+05:30	10	43	2025-05-01	77	2025-05-02
179	14:30:00	2025-04-29 12:26:48.267184+05:30	2025-05-20 18:27:45.876379+05:30	10	43	2025-05-02	77	2025-05-02
109	\N	2025-04-24 09:32:57.798644+05:30	2025-05-20 18:27:45.878379+05:30	3	31	2025-04-24	40	2025-04-25
110	\N	2025-04-24 09:32:57.798644+05:30	2025-05-20 18:27:45.879379+05:30	3	31	2025-04-25	40	2025-04-25
111	23:02:00	2025-04-24 12:02:30.087054+05:30	2025-05-20 18:27:45.880378+05:30	2	31	2025-04-26	42	2025-04-26
112	23:03:00	2025-04-24 12:06:37.403435+05:30	2025-05-20 18:27:45.881379+05:30	2	31	2025-04-24	42	2025-04-26
113	23:03:00	2025-04-24 12:06:37.403435+05:30	2025-05-20 18:27:45.882379+05:30	2	31	2025-04-25	42	2025-04-26
114	04:20:00	2025-04-24 12:09:38.606667+05:30	2025-05-20 18:27:45.883379+05:30	7	31	2025-04-26	40	2025-04-27
115	04:20:00	2025-04-24 12:09:38.606667+05:30	2025-05-20 18:27:45.884378+05:30	7	31	2025-04-27	40	2025-04-27
189	03:00:00	2025-04-30 12:17:38.521746+05:30	2025-05-20 18:27:45.886378+05:30	2	43	2025-05-01	67	2025-05-03
138	13:48:00	2025-04-26 17:10:23.607992+05:30	2025-05-20 18:27:45.887378+05:30	11	43	2025-04-28	67	2025-04-30
116	21:31:00	2025-04-24 21:47:41.729714+05:30	2025-05-20 18:27:45.891379+05:30	9	37	2025-04-24	60	2025-04-30
124	01:00:00	2025-04-25 04:48:18.950805+05:30	2025-05-20 18:27:45.90105+05:30	6	37	2025-04-26	58	2025-04-28
125	01:00:00	2025-04-25 04:48:18.950805+05:30	2025-05-20 18:27:45.90205+05:30	6	37	2025-04-27	58	2025-04-28
126	01:00:00	2025-04-25 04:48:18.950805+05:30	2025-05-20 18:27:45.90305+05:30	6	37	2025-04-28	58	2025-04-28
73	18:31:00	2025-04-23 17:48:51.528546+05:30	2025-05-20 18:27:45.90405+05:30	2	28	2025-04-24	20	2025-04-24
127	18:30:00	2025-04-25 05:50:02.11965+05:30	2025-05-20 18:27:45.906051+05:30	3	37	2025-04-26	59	2025-04-28
190	03:00:00	2025-04-30 12:17:38.521746+05:30	2025-05-20 18:27:45.91005+05:30	2	43	2025-05-02	67	2025-05-03
191	03:00:00	2025-04-30 12:17:38.521746+05:30	2025-05-20 18:27:45.91105+05:30	2	43	2025-05-03	67	2025-05-03
154	22:56:00	2025-04-28 19:25:45.750579+05:30	2025-05-20 18:27:45.913705+05:30	2	54	2025-04-28	81	2025-04-29
132	21:00:00	2025-04-25 15:08:07.046455+05:30	2025-05-20 18:27:45.91471+05:30	3	38	2025-04-26	62	2025-04-28
156	20:13:00	2025-04-29 10:27:32.320918+05:30	2025-05-20 18:27:45.920708+05:30	8	30	2025-04-29	37	2025-05-02
157	20:13:00	2025-04-29 10:27:32.320918+05:30	2025-05-20 18:27:45.921718+05:30	8	30	2025-04-30	37	2025-05-02
159	20:13:00	2025-04-29 10:27:32.320918+05:30	2025-05-20 18:27:45.922709+05:30	8	30	2025-05-02	37	2025-05-02
160	15:00:00	2025-04-29 10:32:55.948919+05:30	2025-05-20 18:27:45.923709+05:30	3	27	2025-04-30	56	2025-05-01
161	15:00:00	2025-04-29 10:32:55.948919+05:30	2025-05-20 18:27:45.925708+05:30	3	27	2025-05-01	56	2025-05-01
203	13:18:00	2025-05-08 09:31:11.239781+05:30	2025-05-20 18:27:45.926708+05:30	11	59	2025-05-08	92	2025-05-12
142	21:30:00	2025-04-26 17:24:56.138287+05:30	2025-05-20 18:27:45.927708+05:30	10	44	2025-04-27	68	2025-04-30
205	13:18:00	2025-05-08 09:31:11.239781+05:30	2025-05-20 18:27:45.934037+05:30	11	59	2025-05-10	92	2025-05-12
206	13:18:00	2025-05-08 09:31:11.239781+05:30	2025-05-20 18:27:45.935042+05:30	11	59	2025-05-11	92	2025-05-12
207	13:18:00	2025-05-08 09:31:11.239781+05:30	2025-05-20 18:27:45.937041+05:30	11	59	2025-05-12	92	2025-05-12
201	13:32:00	2025-05-03 10:34:49.53453+05:30	2025-05-20 18:27:45.938042+05:30	3	57	2025-05-04	89	2025-05-05
211	15:30:00	2025-05-10 12:48:42.797788+05:30	2025-05-20 18:27:45.941041+05:30	9	58	2025-05-11	91	2025-05-12
212	15:30:00	2025-05-10 12:48:42.797788+05:30	2025-05-20 18:27:45.942042+05:30	9	58	2025-05-12	91	2025-05-12
216	14:30:00	2025-05-10 15:47:13.052624+05:30	2025-05-20 18:27:45.943041+05:30	2	60	2025-05-11	95	2025-05-15
217	14:30:00	2025-05-10 15:47:13.053636+05:30	2025-05-20 18:27:45.944041+05:30	2	60	2025-05-12	95	2025-05-15
218	14:30:00	2025-05-10 15:47:13.053636+05:30	2025-05-20 18:27:45.945041+05:30	2	60	2025-05-13	95	2025-05-15
219	14:30:00	2025-05-10 15:47:13.053636+05:30	2025-05-20 18:27:45.946041+05:30	2	60	2025-05-14	95	2025-05-15
220	14:30:00	2025-05-10 15:47:13.053636+05:30	2025-05-20 18:27:45.948547+05:30	2	60	2025-05-15	95	2025-05-15
223	19:41:00	2025-05-13 20:43:32.717976+05:30	2025-05-20 18:27:45.951129+05:30	3	60	2025-05-14	94	2025-05-15
224	19:41:00	2025-05-13 20:43:32.717976+05:30	2025-05-20 18:27:45.95227+05:30	3	60	2025-05-15	94	2025-05-15
227	14:30:00	2025-05-19 08:43:42.300679+05:30	2025-05-20 18:27:45.952653+05:30	2	60	2025-05-20	95	2025-05-22
228	14:30:00	2025-05-19 08:43:42.301795+05:30	2025-05-20 18:27:45.953657+05:30	2	60	2025-05-21	95	2025-05-22
229	14:30:00	2025-05-19 08:43:42.301795+05:30	2025-05-20 18:27:45.955658+05:30	2	60	2025-05-22	95	2025-05-22
233	02:30:00	2025-05-20 13:59:37.406781+05:30	2025-05-20 18:27:45.956657+05:30	6	57	2025-05-21	93	2025-05-22
241	10:30:00	2025-05-22 00:17:03.746087+05:30	2025-05-22 00:17:03.746087+05:30	10	59	2025-05-23	\N	2025-05-24
242	10:30:00	2025-05-22 00:17:03.766305+05:30	2025-05-22 00:17:03.766305+05:30	10	59	2025-05-24	\N	2025-05-24
243	03:18:00	2025-05-22 00:28:07.897575+05:30	2025-05-22 00:28:07.897575+05:30	11	63	2025-05-22	\N	2025-05-24
244	03:18:00	2025-05-22 00:28:07.91158+05:30	2025-05-22 00:28:07.91158+05:30	11	63	2025-05-23	\N	2025-05-24
245	03:18:00	2025-05-22 00:28:07.914575+05:30	2025-05-22 00:28:07.914575+05:30	11	63	2025-05-24	\N	2025-05-24
246	10:18:00	2025-05-22 01:14:18.843068+05:30	2025-05-22 01:14:18.843068+05:30	11	59	2025-05-22	\N	2025-05-25
247	10:18:00	2025-05-22 01:14:18.877069+05:30	2025-05-22 01:14:18.877069+05:30	11	59	2025-05-23	\N	2025-05-25
248	10:18:00	2025-05-22 01:14:18.881067+05:30	2025-05-22 01:14:18.881067+05:30	11	59	2025-05-24	\N	2025-05-25
249	10:18:00	2025-05-22 01:14:18.884068+05:30	2025-05-22 01:14:18.884068+05:30	11	59	2025-05-25	\N	2025-05-25
\.


--
-- Name: booking_booking_id_seq; Type: SEQUENCE SET; Schema: public; Owner: postgres
--

SELECT pg_catalog.setval('public.booking_booking_id_seq', 79, true);


--
-- Name: booking_bookingseat_id_seq; Type: SEQUENCE SET; Schema: public; Owner: postgres
--

SELECT pg_catalog.setval('public.booking_bookingseat_id_seq', 155, true);


--
-- Name: booking_payment_id_seq; Type: SEQUENCE SET; Schema: public; Owner: postgres
--

SELECT pg_catalog.setval('public.booking_payment_id_seq', 73, true);


--
-- Name: theatres_showtime_id_seq; Type: SEQUENCE SET; Schema: public; Owner: postgres
--

SELECT pg_catalog.setval('public.theatres_showtime_id_seq', 249, true);


--
-- Name: booking_booking booking_booking_booking_id_key; Type: CONSTRAINT; Schema: public; Owner: postgres
--

ALTER TABLE ONLY public.booking_booking
    ADD CONSTRAINT booking_booking_booking_id_key UNIQUE (booking_id);


--
-- Name: booking_booking booking_booking_pkey; Type: CONSTRAINT; Schema: public; Owner: postgres
--

ALTER TABLE ONLY public.booking_booking
    ADD CONSTRAINT booking_booking_pkey PRIMARY KEY (id);


--
-- Name: booking_bookingseat booking_bookingseat_booking_id_seat_id_18f59bef_uniq; Type: CONSTRAINT; Schema: public; Owner: postgres
--

ALTER TABLE ONLY public.booking_bookingseat
    ADD CONSTRAINT booking_bookingseat_booking_id_seat_id_18f59bef_uniq UNIQUE (booking_id, seat_id);


--
-- Name: booking_bookingseat booking_bookingseat_pkey; Type: CONSTRAINT; Schema: public; Owner: postgres
--

ALTER TABLE ONLY public.booking_bookingseat
    ADD CONSTRAINT booking_bookingseat_pkey PRIMARY KEY (id);


--
-- Name: booking_payment booking_payment_booking_id_key; Type: CONSTRAINT; Schema: public; Owner: postgres
--

ALTER TABLE ONLY public.booking_payment
    ADD CONSTRAINT booking_payment_booking_id_key UNIQUE (booking_id);


--
-- Name: booking_payment booking_payment_pkey; Type: CONSTRAINT; Schema: public; Owner: postgres
--

ALTER TABLE ONLY public.booking_payment
    ADD CONSTRAINT booking_payment_pkey PRIMARY KEY (id);


--
-- Name: theatres_showtime theatres_showtime_pkey; Type: CONSTRAINT; Schema: public; Owner: postgres
--

ALTER TABLE ONLY public.theatres_showtime
    ADD CONSTRAINT theatres_showtime_pkey PRIMARY KEY (id);


--
-- Name: theatres_showtime theatres_showtime_screen_id_slot_id_show_date_6448986b_uniq; Type: CONSTRAINT; Schema: public; Owner: postgres
--

ALTER TABLE ONLY public.theatres_showtime
    ADD CONSTRAINT theatres_showtime_screen_id_slot_id_show_date_6448986b_uniq UNIQUE (screen_id, slot_id, show_date);


--
-- Name: booking_booking_booking_id_87fb1ed6_like; Type: INDEX; Schema: public; Owner: postgres
--

CREATE INDEX booking_booking_booking_id_87fb1ed6_like ON public.booking_booking USING btree (booking_id varchar_pattern_ops);


--
-- Name: booking_booking_show_id_90e7fd93; Type: INDEX; Schema: public; Owner: postgres
--

CREATE INDEX booking_booking_show_id_90e7fd93 ON public.booking_booking USING btree (show_id);


--
-- Name: booking_booking_user_id_e1eb6912; Type: INDEX; Schema: public; Owner: postgres
--

CREATE INDEX booking_booking_user_id_e1eb6912 ON public.booking_booking USING btree (user_id);


--
-- Name: booking_bookingseat_booking_id_7842d588; Type: INDEX; Schema: public; Owner: postgres
--

CREATE INDEX booking_bookingseat_booking_id_7842d588 ON public.booking_bookingseat USING btree (booking_id);


--
-- Name: booking_bookingseat_seat_id_fa6a74b9; Type: INDEX; Schema: public; Owner: postgres
--

CREATE INDEX booking_bookingseat_seat_id_fa6a74b9 ON public.booking_bookingseat USING btree (seat_id);


--
-- Name: theatres_showtime_movie_id_2189861c; Type: INDEX; Schema: public; Owner: postgres
--

CREATE INDEX theatres_showtime_movie_id_2189861c ON public.theatres_showtime USING btree (movie_id);


--
-- Name: theatres_showtime_screen_id_9db38196; Type: INDEX; Schema: public; Owner: postgres
--

CREATE INDEX theatres_showtime_screen_id_9db38196 ON public.theatres_showtime USING btree (screen_id);


--
-- Name: theatres_showtime_slot_id_42c8bdf3; Type: INDEX; Schema: public; Owner: postgres
--

CREATE INDEX theatres_showtime_slot_id_42c8bdf3 ON public.theatres_showtime USING btree (slot_id);


--
-- Name: booking_booking booking_booking_show_id_90e7fd93_fk_theatres_showtime_id; Type: FK CONSTRAINT; Schema: public; Owner: postgres
--

ALTER TABLE ONLY public.booking_booking
    ADD CONSTRAINT booking_booking_show_id_90e7fd93_fk_theatres_showtime_id FOREIGN KEY (show_id) REFERENCES public.theatres_showtime(id) DEFERRABLE INITIALLY DEFERRED;


--
-- Name: booking_booking booking_booking_user_id_e1eb6912_fk_useracc_user_id; Type: FK CONSTRAINT; Schema: public; Owner: postgres
--

ALTER TABLE ONLY public.booking_booking
    ADD CONSTRAINT booking_booking_user_id_e1eb6912_fk_useracc_user_id FOREIGN KEY (user_id) REFERENCES public.useracc_user(id) DEFERRABLE INITIALLY DEFERRED;


--
-- Name: booking_bookingseat booking_bookingseat_booking_id_7842d588_fk_booking_booking_id; Type: FK CONSTRAINT; Schema: public; Owner: postgres
--

ALTER TABLE ONLY public.booking_bookingseat
    ADD CONSTRAINT booking_bookingseat_booking_id_7842d588_fk_booking_booking_id FOREIGN KEY (booking_id) REFERENCES public.booking_booking(id) DEFERRABLE INITIALLY DEFERRED;


--
-- Name: booking_bookingseat booking_bookingseat_seat_id_fa6a74b9_fk_seats_seats_id; Type: FK CONSTRAINT; Schema: public; Owner: postgres
--

ALTER TABLE ONLY public.booking_bookingseat
    ADD CONSTRAINT booking_bookingseat_seat_id_fa6a74b9_fk_seats_seats_id FOREIGN KEY (seat_id) REFERENCES public.seats_seats(id) DEFERRABLE INITIALLY DEFERRED;


--
-- Name: booking_payment booking_payment_booking_id_dd24b13e_fk_booking_booking_id; Type: FK CONSTRAINT; Schema: public; Owner: postgres
--

ALTER TABLE ONLY public.booking_payment
    ADD CONSTRAINT booking_payment_booking_id_dd24b13e_fk_booking_booking_id FOREIGN KEY (booking_id) REFERENCES public.booking_booking(id) DEFERRABLE INITIALLY DEFERRED;


--
-- Name: theatres_showtime theatres_showtime_movie_id_2189861c_fk_movies_movie_id; Type: FK CONSTRAINT; Schema: public; Owner: postgres
--

ALTER TABLE ONLY public.theatres_showtime
    ADD CONSTRAINT theatres_showtime_movie_id_2189861c_fk_movies_movie_id FOREIGN KEY (movie_id) REFERENCES public.movies_movie(id) DEFERRABLE INITIALLY DEFERRED;


--
-- Name: theatres_showtime theatres_showtime_screen_id_9db38196_fk_theatres_screen_id; Type: FK CONSTRAINT; Schema: public; Owner: postgres
--

ALTER TABLE ONLY public.theatres_showtime
    ADD CONSTRAINT theatres_showtime_screen_id_9db38196_fk_theatres_screen_id FOREIGN KEY (screen_id) REFERENCES public.theatres_screen(id) DEFERRABLE INITIALLY DEFERRED;


--
-- Name: theatres_showtime theatres_showtime_slot_id_42c8bdf3_fk_theatres_timeslot_id; Type: FK CONSTRAINT; Schema: public; Owner: postgres
--

ALTER TABLE ONLY public.theatres_showtime
    ADD CONSTRAINT theatres_showtime_slot_id_42c8bdf3_fk_theatres_timeslot_id FOREIGN KEY (slot_id) REFERENCES public.theatres_timeslot(id) DEFERRABLE INITIALLY DEFERRED;


--
-- PostgreSQL database dump complete
--

